date,time,phase,phaseid,datetime,timestamp,friendlydate,timezone
01/03/2022,02:33 AM,New Moon,1,2022-01-03 02:33:00,1641148380,"January 3, 2022","Asia/Hong_Kong"
01/10/2022,02:11 AM,First Quarter,2,2022-01-10 02:11:00,1641751860,"January 10, 2022","Asia/Hong_Kong"
01/18/2022,07:48 AM,Full Moon,3,2022-01-18 07:48:00,1642463280,"January 18, 2022","Asia/Hong_Kong"
01/25/2022,09:41 PM,Last Quarter,4,2022-01-25 21:41:00,1643118060,"January 25, 2022","Asia/Hong_Kong"
02/01/2022,01:46 PM,New Moon,1,2022-02-01 13:46:00,1643694360,"February 1, 2022","Asia/Hong_Kong"
02/08/2022,09:50 PM,First Quarter,2,2022-02-08 21:50:00,1644328200,"February 8, 2022","Asia/Hong_Kong"
02/17/2022,12:56 AM,Full Moon,3,2022-02-17 00:56:00,1645030560,"February 17, 2022","Asia/Hong_Kong"
02/24/2022,06:32 AM,Last Quarter,4,2022-02-24 06:32:00,1645655520,"February 24, 2022","Asia/Hong_Kong"
03/03/2022,01:35 AM,New Moon,1,2022-03-03 01:35:00,1646242500,"March 3, 2022","Asia/Hong_Kong"
03/10/2022,06:45 PM,First Quarter,2,2022-03-10 18:45:00,1646909100,"March 10, 2022","Asia/Hong_Kong"
03/18/2022,03:17 PM,Full Moon,3,2022-03-18 15:17:00,1647587820,"March 18, 2022","Asia/Hong_Kong"
03/25/2022,01:37 PM,Last Quarter,4,2022-03-25 13:37:00,1648186620,"March 25, 2022","Asia/Hong_Kong"
04/01/2022,02:24 PM,New Moon,1,2022-04-01 14:24:00,1648794240,"April 1, 2022","Asia/Hong_Kong"
04/09/2022,02:48 PM,First Quarter,2,2022-04-09 14:48:00,1649486880,"April 9, 2022","Asia/Hong_Kong"
04/17/2022,02:55 AM,Full Moon,3,2022-04-17 02:55:00,1650135300,"April 17, 2022","Asia/Hong_Kong"
04/23/2022,07:56 PM,Last Quarter,4,2022-04-23 19:56:00,1650714960,"April 23, 2022","Asia/Hong_Kong"
05/01/2022,04:28 AM,New Moon,1,2022-05-01 04:28:00,1651350480,"May 1, 2022","Asia/Hong_Kong"
05/09/2022,08:21 AM,First Quarter,2,2022-05-09 08:21:00,1652055660,"May 9, 2022","Asia/Hong_Kong"
05/16/2022,12:14 PM,Full Moon,3,2022-05-16 12:14:00,1652674440,"May 16, 2022","Asia/Hong_Kong"
05/23/2022,02:43 AM,Last Quarter,4,2022-05-23 02:43:00,1653244980,"May 23, 2022","Asia/Hong_Kong"
05/30/2022,07:30 PM,New Moon,1,2022-05-30 19:30:00,1653910200,"May 30, 2022","Asia/Hong_Kong"
06/07/2022,10:48 PM,First Quarter,2,2022-06-07 22:48:00,1654613280,"June 7, 2022","Asia/Hong_Kong"
06/14/2022,07:52 PM,Full Moon,3,2022-06-14 19:52:00,1655207520,"June 14, 2022","Asia/Hong_Kong"
06/21/2022,11:11 AM,Last Quarter,4,2022-06-21 11:11:00,1655781060,"June 21, 2022","Asia/Hong_Kong"
06/29/2022,10:52 AM,New Moon,1,2022-06-29 10:52:00,1656471120,"June 29, 2022","Asia/Hong_Kong"
07/07/2022,10:14 AM,First Quarter,2,2022-07-07 10:14:00,1657160040,"July 7, 2022","Asia/Hong_Kong"
07/14/2022,02:38 AM,Full Moon,3,2022-07-14 02:38:00,1657737480,"July 14, 2022","Asia/Hong_Kong"
07/20/2022,10:19 PM,Last Quarter,4,2022-07-20 22:19:00,1658326740,"July 20, 2022","Asia/Hong_Kong"
07/29/2022,01:55 AM,New Moon,1,2022-07-29 01:55:00,1659030900,"July 29, 2022","Asia/Hong_Kong"
08/05/2022,07:06 PM,First Quarter,2,2022-08-05 19:06:00,1659697560,"August 5, 2022","Asia/Hong_Kong"
08/12/2022,09:36 AM,Full Moon,3,2022-08-12 09:36:00,1660268160,"August 12, 2022","Asia/Hong_Kong"
08/19/2022,12:36 PM,Last Quarter,4,2022-08-19 12:36:00,1660883760,"August 19, 2022","Asia/Hong_Kong"
08/27/2022,04:17 PM,New Moon,1,2022-08-27 16:17:00,1661588220,"August 27, 2022","Asia/Hong_Kong"
09/04/2022,02:08 AM,First Quarter,2,2022-09-04 02:08:00,1662228480,"September 4, 2022","Asia/Hong_Kong"
09/10/2022,05:59 PM,Full Moon,3,2022-09-10 17:59:00,1662803940,"September 10, 2022","Asia/Hong_Kong"
09/18/2022,05:52 AM,Last Quarter,4,2022-09-18 05:52:00,1663451520,"September 18, 2022","Asia/Hong_Kong"
09/26/2022,05:54 AM,New Moon,1,2022-09-26 05:54:00,1664142840,"September 26, 2022","Asia/Hong_Kong"
10/03/2022,08:14 AM,First Quarter,2,2022-10-03 08:14:00,1664756040,"October 3, 2022","Asia/Hong_Kong"
10/10/2022,04:55 AM,Full Moon,3,2022-10-10 04:55:00,1665348900,"October 10, 2022","Asia/Hong_Kong"
10/18/2022,01:15 AM,Last Quarter,4,2022-10-18 01:15:00,1666026900,"October 18, 2022","Asia/Hong_Kong"
10/25/2022,06:49 PM,New Moon,1,2022-10-25 18:49:00,1666694940,"October 25, 2022","Asia/Hong_Kong"
11/01/2022,02:37 PM,First Quarter,2,2022-11-01 14:37:00,1667284620,"November 1, 2022","Asia/Hong_Kong"
11/08/2022,07:02 PM,Full Moon,3,2022-11-08 19:02:00,1667905320,"November 8, 2022","Asia/Hong_Kong"
11/16/2022,09:27 PM,Last Quarter,4,2022-11-16 21:27:00,1668605220,"November 16, 2022","Asia/Hong_Kong"
11/24/2022,06:57 AM,New Moon,1,2022-11-24 06:57:00,1669244220,"November 24, 2022","Asia/Hong_Kong"
11/30/2022,10:36 PM,First Quarter,2,2022-11-30 22:36:00,1669818960,"November 30, 2022","Asia/Hong_Kong"
12/08/2022,12:08 PM,Full Moon,3,2022-12-08 12:08:00,1670472480,"December 8, 2022","Asia/Hong_Kong"
12/16/2022,04:56 PM,Last Quarter,4,2022-12-16 16:56:00,1671180960,"December 16, 2022","Asia/Hong_Kong"
12/23/2022,06:17 PM,New Moon,1,2022-12-23 18:17:00,1671790620,"December 23, 2022","Asia/Hong_Kong"
12/30/2022,09:20 AM,First Quarter,2,2022-12-30 09:20:00,1672363200,"December 30, 2022","Asia/Hong_Kong"
